<keymap version="1" name="KDE copy" parent="Default for KDE">
  <action id="Cargo.RustfmtCargoProject">
    <keyboard-shortcut first-keystroke="ctrl alt released r" />
  </action>
  <action id="EditorCloneCaretAbove">
    <keyboard-shortcut first-keystroke="ctrl alt page_up" />
  </action>
  <action id="EditorCloneCaretBelow">
    <keyboard-shortcut first-keystroke="ctrl alt page_down" />
  </action>
  <action id="OpenFile">
    <keyboard-shortcut first-keystroke="shift ctrl alt o" />
  </action>
</keymap>