<application>
  <component name="MaterialThemeConfig">
    <option name="compactMenus" value="true" />
    <option name="compactStatusBar" value="true" />
    <option name="compactTables" value="true" />
    <option name="contrastMode" value="true" />
    <option name="highContrast" value="true" />
    <option name="premium" value="true" />
    <option name="compactDropdowns" value="true" />
    <option name="isCompactMenus" value="true" />
    <option name="isCompactStatusBar" value="true" />
    <option name="isCompactTables" value="true" />
    <option name="isContrastMode" value="true" />
    <option name="isHighContrast" value="true" />
    <option name="upperCaseButtons" value="false" />
    <option name="indicatorStyle" value="None" />
    <option name="accentColor" value="009688" />
    <option name="userId" value="-58902924:179037436e5:-8000" />
    <option name="version" value="6.7.2" />
  </component>
</application>